gate_name,variable,input,growth
F1_AmeR,x,0.009456264775413711,1.07
F1_AmeR,x,0.02364066193853428,0.98
F1_AmeR,x,0.04964539007092198,0.95
